{
  "_fv": 33,
  "_type": "item",
  "definition": {
    "renderType": 1,
    "texture": "air",
    "customModelName": "grimoire:default",
    "name": "Grimoire",
    "rarity": "RARE",
    "creativeTab": {
      "value": "COMBAT"
    },
    "stackSize": 64,
    "enchantability": 0,
    "useDuration": 0,
    "toolType": 0.0,
    "damageCount": 0,
    "recipeRemainder": {
      "value": ""
    },
    "destroyAnyBlock": true,
    "immuneToFire": true,
    "stayInGridWhenCrafting": false,
    "damageOnCrafting": false,
    "enableMeleeDamage": false,
    "damageVsEntity": 0.0,
    "specialInfo": [],
    "hasGlow": false,
    "guiBoundTo": "<NONE>",
    "inventorySize": 9,
    "inventoryStackSize": 64,
    "onRightClickedInAir": {
      "name": "GrimoireRightclicked"
    },
    "onEntitySwing": {
      "name": "GrimoireEntitySwingsItem"
    },
    "isFood": false,
    "nutritionalValue": 4,
    "saturation": 0.3,
    "eatResultItem": {
      "value": ""
    },
    "isMeat": false,
    "isAlwaysEdible": false,
    "animation": "none"
  }
}